RESID,RESNAME,OLD,NEW
1,ALA,2.004175,20.0010687297543
2,GLU,24.3754,25.660528182806
3,ALA,0,9.2695116269414
4,GLY,0,0
5,ILE,2.703025,20.8359795459971
6,THR,0.813975,16.7375854020135
7,GLY,0,0
8,THR,1.6648,13.0219032120885
9,TRP,37.67305,1.46954581770844
10,TYR,26.10755,8.91099164199995
11,ASN,0,9.93718014631853
12,GLN,17.8768,19.8856847593352
13,LEU,8.57245,26.3550084119065
14,GLY,0,0
15,SER,6.63805,14.3722354267377
16,THR,3.847525,13.7047921439219
17,PHE,26.573125,0.187714764915565
18,ILE,11.3579,29.211289834833
19,VAL,2.677425,20.9872291927029
20,THR,6.2847,20.30163741827
21,ALA,0,9.72156809475563
22,GLY,0,0
23,ALA,0,9.79737716631622
24,ASP,10.403075,13.4897127619947
25,GLY,0,0
26,ALA,0,9.72763816522774
27,LEU,9.6624,27.6796136790226
28,THR,8.979475,25.9379474363837
29,GLY,0,0
30,THR,7.7801,22.5121654532519
31,TYR,27.9801,8.85533116560171
32,GLU,17.0239,21.4964020784044
33,SER,7.204725,16.0838099443199
34,ALA,0,9.4401239627063
35,VAL,8.7477,28.1268222546313
36,GLY,0,0
37,ASN,10.4303,11.8318233480021
38,ALA,0,9.36210315429513
39,GLU,17.87505,20.9459812205979
40,SER,8.652225,16.3551565332196
41,ARG,15.969475,15.2841937402756
42,TYR,26.066975,8.6614639237455
43,VAL,1.0906,19.008554122357
44,LEU,4.9208,22.9866679759314
45,THR,6.7475,25.1518319751423
46,GLY,0,0
47,ARG,2.6421,0.219405403076464
48,TYR,27.117425,6.76870085997329
49,ASP,4.275675,3.67941837114008
50,SER,4.39465,13.6588122713999
51,ALA,0,9.82386145691654
52,PRO,8.711925,10.9421758305603
53,ALA,0,10.3084526793794
54,THR,7.782225,24.5661969032666
55,ASP,12.1996,14.4646543566797
56,GLY,0,0
57,SER,6.353375,11.996312813291
58,GLY,0,0
59,THR,2.23395,18.3222463781908
60,ALA,0,9.31885694948609
61,LEU,5.328625,23.6432272519678
62,GLY,0,0
63,TRP,29.060375,0.0293358012509966
64,THR,0.433575,10.5698705059383
65,VAL,0.66325,18.9793877596166
66,ALA,0,9.25620328768501
67,TRP,38.855575,0.0293358012509966
68,LYS,16.0387,25.2932439757045
69,ASN,7.7133,10.1174509752196
70,ASN,12.31225,14.4724161113757
71,TYR,35.176275,20.3674665964975
72,ARG,20.224025,20.6613137863753
73,ASN,8.0831,9.03207038321978
74,ALA,0,9.43340917964085
75,HIS,19.75255,1.07348800628806
76,SER,1.882025,7.61439222933795
77,ALA,0,9.7695702202051
78,THR,0.5049,10.7106248676337
79,THR,1.841725,12.7009429549593
80,TRP,39.079225,0.0293358012509966
81,SER,2.0789,7.57938189931349
82,GLY,0,0
83,GLN,11.113125,12.9775156455621
84,TYR,22.931775,7.43830801506199
85,VAL,3.718275,21.6249891884334
86,GLY,0,0
87,GLY,0,0
88,ALA,0,9.36513908129125
89,GLU,21.777825,23.6240354887194
90,ALA,0,9.31172068813329
91,ARG,13.095225,13.1970277065194
92,ILE,1.57185,19.1806888808455
93,ASN,8.68345,11.1249577506091
94,THR,4.6106,17.4046623012986
95,GLN,5.410675,5.99365821337737
96,TRP,39.33415,0.0293358012509966
97,LEU,4.1795,21.4246930265262
98,LEU,2.579825,20.1640432335361
99,THR,0.7481,14.0838091089341
100,SER,7.73175,13.9106160535231
101,GLY,0,0
102,THR,6.723675,21.3069306042839
103,THR,4.510925,20.0929494786994
104,GLU,25.34805,27.4373420761586
105,ALA,0,9.26583406634597
106,ASN,6.169625,6.99036855256406
107,ALA,0,9.32986882779038
108,TRP,39.25535,0.0293358012509966
109,LYS,14.14095,23.2412306347097
110,SER,2.683775,10.7268260350694
111,THR,0.8599,13.5757748829656
112,LEU,3.482425,20.8552251513678
113,VAL,0.940975,18.3505152727103
114,GLY,0,0
115,HIS,18.36865,3.05284690227419
116,ASP,5.88835,6.84064234256879
117,THR,5.297975,19.4552410915123
118,PHE,26.424725,1.47687943557577
119,THR,6.341025,23.2002919253307
120,LYS,15.183525,25.3944800028706
121,VAL,5.786675,23.8525059207131
122,LYS,18.9319,27.0648334241437
123,PRO,8.787475,12.1704886669001
124,SER,8.7639,19.0859434953062
125,ALA,0,9.83178612287793
126,ALA,0,10.2201015352963
127,SER,7.7955,13.3846052137747
