,A,B,C,D,Average Per Chain,avg_err
0,9.003,9.201,8.866,9.104,9.0435,0.07165484398606058
1,21.864,22.676,21.513,23.568,22.40525,0.45774399231448126
2,5.688,5.746,5.206,6.206,5.7115,0.20449184987834276
3,2.728,2.557,2.592,2.637,2.6285000000000003,0.03698761053830508
4,25.007,24.913,25.496,26.513,25.48225,0.3665768166428425
5,19.254,19.983,19.795,21.416,20.112000000000002,0.4613124393149034
6,2.605,2.49,2.547,2.412,2.5135000000000005,0.04117948518376597
7,19.111,19.165,19.173,20.749,19.5495,0.4000703063212763
8,50.07,46.624,48.708,55.472,50.2185,1.889077265933468
9,42.067,42.739,41.157,45.912,42.96875,1.0332431445856942
10,22.133,22.987,22.961,24.388,23.11725,0.4677011822021983
11,26.768,30.268,26.37,32.444,28.962500000000002,1.4537898461148597
12,24.139,25.177,23.732,26.331,24.84475,0.5813507797936344
13,2.7,2.678,2.832,3.102,2.8280000000000003,0.09745768312452328
14,12.368,12.149,12.169,13.068,12.4385,0.2155769390882676
15,18.96,19.974,19.828,21.143,19.97625,0.44870672957586305
16,32.567,33.308,33.341,37.029,34.06125,1.0052557199538839
17,24.964,24.914,24.653,26.463,25.2485,0.4105343063212464
18,18.333,18.798,19.21,20.431,19.193,0.4498664616676085
19,18.75,18.05,18.567,19.503,18.7175,0.30086998853325325
20,6.909,6.576,7.168,6.926,6.89475,0.12160275147654634
21,2.515,2.368,2.698,2.463,2.511,0.069364976753402
22,6.776,6.937,6.725,7.013,6.86275,0.06744673824581891
23,18.656,18.344,18.856,18.995,18.71275,0.14123938013174664
24,2.702,2.879,2.655,3.14,2.844,0.1098203077759301
25,6.608,6.904,6.966,7.572,7.0125,0.20219524392692004
26,25.983,25.42,23.862,24.824,25.02225,0.4533880558270885
27,18.999,18.855,18.763,20.371,19.247,0.37780065290220577
28,2.695,2.584,2.895,2.943,2.7792499999999998,0.08437651233212555
29,19.63,19.002,19.825,21.171,19.906999999999996,0.456451348265435
30,43.535,44.25,41.815,45.268,43.717,0.7268893771865618
31,25.746,26.582,26.44,28.137,26.72625,0.5044677682138542
32,12.751,12.136,12.464,13.128,12.61975,0.21091403264521474
33,6.425,6.81,6.615,7.189,6.75975,0.1632459162327397
34,18.623,18.616,19.193,19.78,19.053,0.2774884381975823
35,2.689,2.363,2.505,2.913,2.6174999999999997,0.1189744370302573
36,20.177,19.975,19.668,21.669,20.37225,0.4447338857863956
37,6.577,6.51,6.237,7.155,6.61975,0.19297295795007138
38,24.099,25.473,24.798,26.517,25.22175,0.5148568368974039
39,11.264,12.147,11.338,12.332,11.77025,0.27395753168450554
40,41.05,42.497,39.985,44.414,41.9865,0.9590099495486658
41,42.288,41.659,42.353,46.633,43.233250000000005,1.1440025040036708
42,18.856,18.924,19.033,20.422,19.30875,0.372869363852811
43,25.301,26.228,23.607,27.25,25.5965,0.7734277061669482
44,18.455,19.506,18.613,20.847,19.355249999999998,0.5484393577841284
45,2.672,2.473,2.723,2.752,2.655,0.06287951441712422
46,46.011,46.291,45.275,50.398,46.99375,1.1547970510729013
47,43.291,42.815,43.012,46.93,44.012,0.9775553692758281
48,23.055,22.573,22.113,24.14,22.97025,0.4347588172385545
49,11.986,12.002,11.918,12.996,12.2255,0.2574779925870689
50,6.896,6.714,6.494,7.437,6.88525,0.20144204087859455
51,13.364,12.499,11.434,14.322,12.90475,0.615578775760395
52,6.563,6.526,6.127,7.102,6.5794999999999995,0.20018678777581714
53,17.295,17.444,17.454,18.507,17.675,0.27970609575052185
54,18.174,19.117,18.874,18.705,18.717499999999998,0.19992519434361797
55,2.398,2.809,2.714,2.719,2.66,0.090019442344418
56,11.094,11.255,11.835,11.126,11.327499999999999,0.1727080870524986
57,2.629,2.622,2.552,2.664,2.6167499999999997,0.023456964140030297
58,19.65,19.05,19.173,20.771,19.661,0.391970024364109
59,6.978,6.953,6.968,7.623,7.1305000000000005,0.16424701925250684
60,24.27,24.984,23.811,25.18,24.56125,0.3174469443859873
61,2.955,2.662,2.79,3.003,2.8525,0.07818407766291041
62,50.652,47.937,49.634,55.282,50.87625,1.5717107651112736
63,19.44,19.27,19.987,20.917,19.9035,0.37084464402226464
64,19.255,19.031,18.668,20.254,19.302,0.33959657438397944
65,6.908,7.201,7.176,7.606,7.22275,0.14393480873877118
66,48.156,49.608,48.567,55.324,50.41374999999999,1.6650252438026276
67,29.951,29.241,29.846,30.616,29.9135,0.28162105153320244
68,22.034,22.94,23.105,25.062,23.28525,0.6373221810826927
69,19.829,20.152,20.397,21.552,20.4825,0.3749925554816608
70,35.418,36.229,37.544,40.628,37.45475,1.1448542392665833
71,40.97,40.41,41.926,42.688,41.4985,0.5051246545820823
72,22.071,23.309,24.032,24.756,23.542,0.5724236484749149
73,6.525,7.203,6.854,7.451,7.00825,0.2023360962194667
74,28.297,28.752,29.534,32.746,29.832250000000002,1.00427522580549
75,11.631,12.44,11.887,12.835,12.19825,0.2711922365530892
76,6.898,6.538,6.726,7.312,6.8685,0.16510072683062302
77,19.34,19.639,20.349,20.844,20.043,0.3406687051471956
78,18.153,18.713,19.136,20.509,19.12775,0.5024999792703149
79,50.352,48.936,46.649,54.593,50.13250000000001,1.671093080391794
80,12.657,12.309,11.592,13.115,12.41825,0.3210771908747178
81,2.526,2.545,2.763,2.622,2.614,0.0538284311493471
82,31.725,29.688,28.287,28.829,29.63225,0.7548520136424096
83,41.435,42.16,42.684,45.137,42.854,0.8029210214377668
84,18.167,19.346,18.736,19.827,19.019000000000002,0.36122315355838785
85,2.453,2.373,2.715,2.56,2.52525,0.07394409487353712
86,2.402,2.491,2.525,2.543,2.4902500000000005,0.03132989786130812
87,6.77,6.759,6.448,6.856,6.70825,0.08941884122860598
88,24.32,24.532,24.42,26.508,24.945,0.5227960086560208
89,6.378,6.769,6.651,7.286,6.771000000000001,0.19019244639750188
90,41.061,41.819,42.285,42.742,41.976749999999996,0.3587139935473191
91,24.832,25.428,25.48,27.655,25.848750000000003,0.61976653870631
92,22.328,21.948,21.779,22.681,22.183999999999997,0.201549414949949
93,20.041,19.132,19.458,20.426,19.76425,0.289832243145352
94,31.728,30.584,30.916,29.323,30.637749999999997,0.49979368660144846
95,49.264,49.703,48.585,54.73,50.5705,1.4054402928145553
96,25.582,26.386,26.569,27.521,26.5145,0.39812906198869735
97,25.317,25.013,25.397,27.442,25.792250000000003,0.5561018154678751
98,20.123,19.91,19.614,20.376,20.005750000000003,0.1616242427154212
99,11.758,11.748,11.581,12.376,11.86575,0.1748601226695212
100,2.527,2.334,2.458,2.564,2.4707500000000002,0.0505987071639846
101,19.167,19.302,19.217,20.187,19.46825,0.24119818096329027
102,18.985,19.095,19.386,20.159,19.40625,0.26479091594438553
103,25.503,25.079,24.6,25.004,25.0465,0.18498130536173982
104,7.206,6.786,6.898,7.547,7.10925,0.1708075793595433
105,22.435,22.021,21.729,23.696,22.47025,0.43349190207738253
106,6.99,6.854,7.046,7.249,7.03475,0.08200749457620718
107,49.037,46.456,48.248,53.612,49.338249999999995,1.5234746674953281
108,28.355,28.899,28.242,30.182,28.919500000000003,0.4445965399475494
109,12.385,12.38,12.068,12.998,12.457749999999999,0.19474614887077987
110,18.775,20.22,19.488,21.224,19.92675,0.5234407599400976
111,25.763,24.616,25.481,26.784,25.661,0.44683684569053445
112,18.801,18.715,18.636,20.397,19.13725,0.4212660234341239
113,2.394,2.604,2.726,3.013,2.68425,0.12926224958071345
114,28.393,28.024,27.706,32.086,29.05225,1.0209446912051598
115,20.44,22.728,21.043,26.078,22.572250000000004,1.2648990984132553
116,19.422,19.364,19.13,19.522,19.359499999999997,0.08316800266127995
117,34.125,35.378,34.072,38.362,35.48425,1.0055986919077942
118,19.405,18.987,19.142,21.016,19.637499999999996,0.4675279849021515
119,29.273,29.575,28.838,31.845,29.88275,0.6713439723172214
120,17.726,17.903,17.867,18.697,18.04825,0.21959636267479468
121,27.038,27.88,28.594,29.672,28.296,0.5581069192666702
122,11.507,12.183,11.792,13.17,12.163,0.3631374854422679
123,9.834,10.686,10.241,10.854,10.403749999999999,0.22976305730034144
124,5.223,6.191,5.885,5.768,5.76675,0.20199767944211636
125,5.205,5.166,5.524,5.041,5.234,0.10279996757457328
126,14.408,14.459,14.759,14.733,14.589749999999999,0.09096462224403533
127,9.106,9.236,9.385,8.892,9.15475,0.10449511551583017
128,22.41,21.844,22.318,22.939,22.37775,0.22444389610769078
129,5.923,5.679,5.629,6.505,5.934,0.20087558338434267
130,2.708,2.583,2.626,2.966,2.72075,0.08576263269435397
131,25.446,26.622,25.775,25.729,25.892999999999997,0.2536516640329146
132,20.486,21.016,19.972,20.495,20.49225,0.21311592111649721
133,2.769,2.765,2.725,2.751,2.7525,0.009945685831890474
134,20.745,20.409,20.75,20.448,20.588,0.09243646466627793
135,50.648,52.77,52.489,52.281,52.047000000000004,0.47697396854195934
136,43.567,44.129,44.769,44.834,44.32475,0.29849577746873884
137,22.201,24.133,24.418,23.363,23.528750000000002,0.49550283803425355
138,26.791,31.949,31.723,31.603,30.5165,1.2439028298062516
139,25.063,25.781,26.208,26.219,25.817749999999997,0.27146128483941645
140,2.865,2.868,3.035,2.863,2.90775,0.04242910754030385
141,11.955,12.741,13.163,13.067,12.731499999999999,0.2741342432702149
142,18.456,20.685,21.204,19.957,20.075499999999998,0.5973430756273986
143,35.421,36.364,33.99,35.254,35.25725,0.487992721086424
144,24.78,26.399,25.434,26.15,25.69075,0.366050400673641
145,19.851,19.819,19.727,19.301,19.674500000000002,0.12724353290704687
146,19.47,19.753,20.735,18.099,19.51425,0.5440682210593323
147,6.941,7.261,7.626,7.196,7.256,0.1413476800894401
148,2.541,2.695,2.513,2.63,2.59475,0.041698071498172014
149,7.339,6.879,6.641,6.806,6.916250000000001,0.14944975465575946
150,18.234,19.274,18.517,18.404,18.60725,0.22973295185207251
151,2.926,2.872,2.755,2.86,2.85325,0.03575699232318069
152,6.967,7.264,7.164,7.47,7.21625,0.10469190911113113
153,27.27,27.181,24.381,26.68,26.378,0.6782137077155941
154,18.408,20.173,18.534,18.687,18.9505,0.41147266008812733
155,2.624,2.855,2.798,2.832,2.7772500000000004,0.052407656883321885
156,20.49,21.065,20.827,20.102,20.621000000000002,0.20938282323692844
157,45.318,46.195,45.081,46.177,45.69275,0.28888128328663515
158,25.938,27.461,26.778,28.148,27.081249999999997,0.472682658697496
159,12.382,13.254,13.074,13.236,12.9865,0.20552432946004237
160,6.027,7.717,7.091,7.136,6.99275,0.3520635300150622
161,16.881,19.398,19.082,19.305,18.6665,0.5988478521294035
162,2.743,2.816,2.614,2.708,2.7202499999999996,0.04195707131501592
163,21.108,21.156,22.025,21.262,21.387749999999997,0.21483884464096925
164,6.904,6.861,7.51,6.568,6.960749999999999,0.19771586304593775
165,25.167,25.464,25.347,25.351,25.332250000000002,0.0613967629439853
166,11.37,12.035,12.142,12.179,11.9315,0.1896402295576198
167,41.121,43.285,42.48,45.046,42.983,0.819920016424366
168,43.723,45.964,46.856,45.617,45.54,0.6594852790876639
169,19.944,19.888,19.7,19.892,19.855999999999998,0.053541261347363464
170,25.322,27.274,26.751,27.106,26.61325,0.44400588866215174
171,18.764,19.432,20.38,20.433,19.752249999999997,0.40173465019421306
172,2.626,2.916,2.727,2.772,2.76025,0.0602250985885453
173,47.768,47.852,49.586,49.516,48.6805,0.5030787711680944
174,44.644,46.651,44.697,45.402,45.3485,0.4672740987186578
175,23.987,25.27,24.672,24.754,24.67075,0.2635568803250388
176,12.497,12.841,12.199,12.446,12.49575,0.1322039932578941
177,7.114,7.215,7.128,6.995,7.113,0.04523457379777843
178,13.061,13.969,14.105,14.402,13.884250000000002,0.2889231082831554
179,6.959,7.359,7.196,7.414,7.231999999999999,0.10209391101660606
180,18.664,19.087,18.116,18.307,18.5435,0.21381475627280752
181,19.09,19.564,20.646,18.068,19.342,0.5351230388113247
182,2.904,2.769,2.691,2.563,2.7317500000000003,0.07141122110705007
183,11.525,12.11,12.052,11.169,11.713999999999999,0.22431488284700718
184,2.45,2.453,2.409,2.593,2.4762500000000003,0.040189913742961283
185,20.83,19.885,20.097,20.128,20.235,0.20555169666047446
186,7.391,7.568,7.327,7.346,7.408,0.054995454357610225
187,25.815,25.941,26.054,24.756,25.6415,0.29917511594382284
188,2.659,2.782,2.76,2.749,2.7375000000000003,0.027050877989447997
189,53.378,53.507,52.636,53.619,53.285,0.2218651993140571
190,20.49,18.897,20.295,20.527,20.05225,0.38843089797285735
191,19.033,20.317,19.326,19.686,19.5905,0.2765394787970304
192,7.225,7.508,7.575,7.521,7.45725,0.07876375541241468
193,52.414,52.216,53.344,54.658,53.158,0.5571875806225405
194,30.375,30.35,30.245,29.666,30.159,0.16672882174357267
195,22.504,24.477,23.094,23.7,23.44375,0.4221694713026982
196,20.363,21.712,20.698,21.276,21.01225,0.29992954033683755
197,36.879,40.414,38.475,38.128,38.474000000000004,0.7318550630646306
198,40.695,41.945,40.115,43.419,41.543499999999995,0.732533673856248
199,24.221,24.491,24.679,24.279,24.4175,0.10471349801561686
200,7.303,7.051,7.185,7.043,7.145499999999999,0.061781199945182816
201,30.045,31.561,30.528,31.205,30.83475,0.33940201703388034
202,11.635,13.002,12.533,12.382,12.388,0.2835880227842261
203,6.793,7.379,7.101,6.994,7.06675,0.12210130698181179
204,19.748,20.296,21.152,20.38,20.394,0.2889175199487448
205,19.134,20.242,18.878,20.122,19.594,0.3443525325399346
206,52.314,52.492,53.822,52.973,52.90025,0.3373021333562349
207,13.163,12.973,12.147,12.438,12.680250000000001,0.23483873012488096
208,2.767,2.792,2.731,2.626,2.7289999999999996,0.0365444934292432
209,30.772,29.042,28.707,30.707,29.807000000000002,0.5428666195914666
210,43.213,44.957,44.352,44.142,44.166,0.36160083886333355
211,19.147,19.097,19.291,19.992,19.38175,0.20753127274381264
212,2.488,2.576,2.418,2.56,2.5105,0.03628934646238019
213,2.429,2.588,2.369,2.6,2.4964999999999997,0.05766064515768099
214,6.6,6.505,7.047,6.898,6.7625,0.12649538858524972
215,24.708,23.687,25.334,24.897,24.6565,0.34873927701555646
216,6.522,6.999,6.996,6.933,6.862500000000001,0.11451528282286162
217,43.349,42.767,43.627,46.809,44.138,0.9081815163647987
218,26.508,26.584,26.0,26.909,26.50025,0.1880604401958758
219,21.918,22.945,23.328,23.342,22.88325,0.3346359651422223
220,20.617,20.585,19.744,20.151,20.27425,0.20623585810102663
221,32.297,32.681,32.433,32.579,32.4975,0.08400148808205739
222,53.046,53.747,53.279,52.446,53.1295,0.27046272078298267
223,26.257,26.806,26.95,27.158,26.79275,0.19264361525885026
224,26.49,27.182,26.756,27.257,26.92125,0.18120033802396762
225,19.82,21.358,20.245,20.242,20.41625,0.32940562001884544
226,12.775,12.498,11.859,12.152,12.321,0.19988538382449753
227,2.476,2.554,2.469,2.478,2.4942499999999996,0.02000989338635595
228,19.227,19.643,18.65,19.281,19.20025,0.20535310037429066
229,19.311,20.026,20.067,20.352,19.939,0.22152990768742722
230,25.093,24.799,25.605,25.726,25.30575,0.21760414173448078
231,6.957,7.283,7.387,6.953,7.145,0.11173480508179469
232,21.657,22.984,23.892,23.199,22.933,0.4673697679568074
233,7.318,7.305,7.225,7.061,7.22725,0.05910777585619898
234,51.693,53.11,52.626,53.11,52.63475,0.33400283806179487
235,30.82,30.694,30.778,31.098,30.8475,0.08751142782517032
236,12.326,12.834,13.059,13.035,12.813500000000001,0.17014919923408378
237,20.223,20.52,20.739,20.766,20.561999999999998,0.1257079949724759
238,26.74,26.315,26.282,26.91,26.56175,0.15604399753488302
239,19.806,19.981,20.26,19.956,20.000750000000004,0.09466200839477984
240,3.058,2.763,2.75,2.843,2.8535,0.07119983614213352
241,30.741,31.818,31.007,30.784,31.0875,0.25038054370630897
242,22.193,24.804,25.255,24.595,24.21175,0.6868625984625061
243,20.723,19.784,19.037,19.67,19.8035,0.3477553019006323
244,36.335,37.688,36.016,36.695,36.683499999999995,0.3624179217422899
245,20.728,19.623,19.534,20.331,20.054,0.28681672429154736
246,29.739,30.597,30.711,29.611,30.1645,0.28477052164857203
247,16.774,18.479,18.631,19.333,18.30425,0.5429314528556984
248,28.947,28.23,27.898,28.22,28.32375,0.22159586901985925
249,12.963,12.477,13.181,12.943,12.890999999999998,0.14815082404990731
250,10.05,10.859,10.743,10.488,10.535,0.17927492853157118
251,5.576,5.61,5.595,5.573,5.5885,0.008665063954370675
252,5.294,5.058,5.524,5.441,5.32925,0.10215786394921672
253,13.927,13.902,13.962,14.308,14.02475,0.0952149979432513
254,9.333,8.875,8.815,9.047,9.017499999999998,0.1160901230366593
255,22.967,21.996,21.244,22.684,22.222749999999998,0.3847105784439345
256,6.286,5.359,6.056,6.174,5.96875,0.2086030420839223
257,2.663,2.452,2.575,2.537,2.55675,0.04376523544245285
258,25.158,25.827,24.094,25.481,25.14,0.3744651741706654
259,19.526,19.528,19.726,19.533,19.57825,0.049271991705903746
260,2.597,2.493,2.519,2.53,2.53475,0.022152407694575032
261,18.915,19.294,19.546,18.979,19.183500000000002,0.14649488045662223
262,47.84,49.245,48.838,48.073,48.499,0.32751513959917333
263,41.399,41.095,41.537,41.113,41.286,0.10885004976265908
264,22.492,21.974,22.541,21.55,22.13925,0.23458451746296757
265,29.525,26.756,30.128,27.814,28.555749999999996,0.7746347929831191
266,24.594,23.655,25.052,24.974,24.56875,0.3205899184836185
267,2.738,3.026,3.054,2.754,2.893,0.08512539769853252
268,11.802,12.219,12.382,12.029,12.108,0.12492464395253108
269,19.409,19.107,19.121,18.707,19.086,0.14423245127224277
270,31.069,32.519,34.263,30.241,32.022999999999996,0.8826690584056213
271,25.458,24.491,25.009,24.93,24.972,0.1980509193784936
272,18.604,18.728,19.675,18.929,18.984,0.23986836667917139
273,19.577,18.2,18.792,18.227,18.699,0.32291872042357705
274,7.036,6.877,6.593,6.878,6.846,0.09223791700452326
275,2.436,2.402,2.302,2.497,2.40925,0.040794964967096906
276,6.981,6.806,6.603,6.696,6.7715,0.08122653507321365
277,19.461,18.372,18.499,18.544,18.718999999999998,0.24999966666644416
278,2.603,2.561,2.712,2.828,2.6759999999999997,0.059828922771515754
279,7.064,6.795,7.01,7.201,7.0175,0.08435885648031663
280,25.802,24.914,24.612,25.876,25.301000000000002,0.3170325955902119
281,18.497,18.428,18.455,18.803,18.545749999999998,0.08691698625700299
282,2.647,2.544,2.586,2.703,2.6199999999999997,0.03482097069296026
283,19.853,18.802,19.575,19.1,19.332500000000003,0.23544514577002168
284,42.489,42.811,42.762,41.672,42.4335,0.26353067500134975
285,26.061,25.196,25.676,25.93,25.71575,0.19079237187756362
286,12.411,12.603,11.931,11.975,12.23,0.16490300179196263
287,6.541,6.682,6.676,6.883,6.6955,0.070468077879278
288,18.776,18.834,18.879,18.806,18.82375,0.021895109804094242
289,2.414,2.445,2.501,2.465,2.45625,0.018236296224836836
290,20.21,20.634,20.213,20.529,20.3965,0.10894073312280071
291,6.603,6.814,6.219,6.862,6.624499999999999,0.146403836470679
292,25.104,24.959,24.791,24.492,24.8365,0.13143851541056464
293,11.449,11.53,11.585,11.266,11.4575,0.069676036052577
294,41.53,40.76,42.417,43.298,42.00125,0.5490284411272949
295,41.785,42.735,41.637,41.354,41.87775,0.2994098013871067
296,18.569,18.587,19.156,18.476,18.697,0.15492094758295266
297,26.338,25.562,25.505,25.546,25.73775,0.2004429989631303
298,19.031,19.736,19.479,19.498,19.436,0.1471161672511447
299,2.676,2.689,2.71,2.887,2.7405,0.04933305180099847
300,46.046,44.511,46.264,46.134,45.738749999999996,0.4116919104945667
301,42.549,41.712,38.796,41.966,41.25575,0.8384253470047291
302,20.485,22.911,20.436,22.685,21.62925,0.6764271795002526
303,12.17,12.356,11.038,11.784,11.837,0.2917561767412416
304,6.269,6.662,6.022,6.462,6.353750000000001,0.13661891950482788
305,13.02,11.423,11.793,13.391,12.406749999999999,0.4733987704180624
306,6.502,6.264,6.321,6.973,6.515,0.16087521043757277
307,18.203,17.798,17.313,17.532,17.711499999999997,0.19150217579268736
308,18.652,19.235,19.758,20.834,19.61975,0.46350914679935545
309,2.551,2.744,2.71,2.651,2.6639999999999997,0.042282778212096396
310,11.445,11.368,11.6,12.129,11.6355,0.17142758432255473
311,2.412,2.535,2.523,2.642,2.528,0.04701595473879053
312,19.205,19.588,19.284,18.838,19.228749999999998,0.15420839525352262
313,6.979,7.324,7.312,6.915,7.1325,0.10792010934019665
314,24.039,25.042,24.546,23.842,24.367250000000002,0.26939357051224055
315,2.761,2.784,2.823,2.553,2.73025,0.06045297759415991
316,48.616,49.279,49.439,47.684,48.7545,0.39883089566047175
317,19.988,20.176,20.189,19.867,20.055,0.07769062577514278
318,18.558,19.278,18.826,19.26,18.9805,0.17535749199848863
319,7.249,6.97,6.875,6.751,6.961250000000001,0.10587758261312907
320,48.754,48.481,47.198,48.73,48.290749999999996,0.36944087822004695
321,29.055,29.431,29.117,29.822,29.356250000000003,0.17571348601250444
322,22.619,23.026,22.913,22.32,22.719499999999996,0.15839954755827634
323,20.615,20.791,20.387,20.473,20.566499999999998,0.08837184694988182
324,37.278,37.904,38.2,36.286,37.417,0.423156787333805
325,39.9,40.827,40.767,40.472,40.4915,0.2118790928808224
326,22.06,23.133,22.564,23.722,22.869750000000003,0.358795293308037
327,6.499,6.607,6.641,7.0,6.68675,0.1087155117726997
328,26.949,29.298,29.275,27.899,28.355249999999998,0.5715782791242734
329,12.334,12.191,11.903,12.435,12.21575,0.11564267882865154
330,7.186,6.845,7.013,6.765,6.952249999999999,0.09349454083884619
331,20.216,18.817,19.771,19.566,19.5925,0.29193563788387805
332,19.001,18.62,19.457,19.036,19.0285,0.17109865575158673
333,47.399,49.112,48.852,46.749,48.028,0.5690279723645689
334,12.157,12.235,11.755,12.027,12.0435,0.10530075973135211
335,2.751,2.767,2.672,2.679,2.71725,0.024366558367292356
336,29.068,28.765,28.48,29.435,28.937,0.20485726738390286
337,40.675,40.699,42.418,40.589,41.09525,0.4415484826154431
338,18.407,18.715,18.864,19.809,18.94875,0.3021236984525822
339,2.258,2.599,2.555,2.507,2.47975,0.07626639168073973
340,2.416,2.46,2.668,2.186,2.4325,0.09884794720512245
341,6.499,6.502,6.912,5.521,6.3585,0.29553637677957684
342,23.354,23.196,23.629,23.024,23.30075,0.1284999189364206
343,6.602,6.397,5.874,5.77,6.16075,0.20112739536588928
344,42.224,41.428,43.303,41.487,42.110499999999995,0.4367967681504365
345,25.225,25.349,25.244,25.034,25.213,0.06560106706449247
346,22.707,21.408,23.513,22.778,22.6015,0.43756494756016884
347,19.16,19.365,19.889,18.588,19.250500000000002,0.2689313729064222
348,30.759,28.333,30.399,30.265,29.939,0.545398325385524
349,46.096,48.803,48.945,49.156,48.25,0.7216523863098269
350,23.918,25.067,25.874,26.163,25.255499999999998,0.5025383069975861
351,25.446,25.678,25.339,26.049,25.628,0.15715862475007003
352,20.072,20.158,19.91,20.067,20.05175,0.051659744159903494
353,12.137,11.446,12.07,12.308,11.99025,0.18820838406758972
354,2.401,2.29,2.696,2.651,2.5095,0.09779101867417751
355,19.021,17.707,18.215,18.994,18.48425,0.31944727655749383
356,19.089,18.947,19.572,19.658,19.3165,0.17563907120379985
357,25.165,25.249,25.016,25.381,25.20275,0.07649223816832697
358,6.795,7.025,6.633,7.249,6.9254999999999995,0.13451734708455507
359,21.373,21.926,22.096,22.544,21.98475,0.24201011514672952
360,6.805,6.852,7.035,7.172,6.966,0.08471225806615391
361,46.851,47.204,48.093,47.419,47.39175,0.2614311174414154
362,28.642,29.524,28.719,29.137,29.005499999999998,0.20419537213169173
363,11.971,12.401,11.878,11.962,12.053,0.11787493372214462
364,20.413,19.062,19.865,20.207,19.88675,0.2972351412041762
365,25.712,25.179,25.14,25.499,25.3825,0.13612524869888512
366,18.675,19.152,19.073,19.3,19.05,0.13355959967994316
367,2.748,2.568,2.591,2.729,2.6590000000000003,0.046301547850296915
368,27.977,28.575,27.8,28.391,28.18575,0.17935596588906608
369,22.307,22.855,22.437,20.402,22.00025,0.5454238986024232
370,19.95,18.826,19.489,19.447,19.428,0.23075419822833104
371,33.545,32.829,33.538,32.871,33.19575,0.19980798073817377
372,19.321,19.237,18.325,17.678,18.640249999999998,0.39209254328538296
373,28.511,28.848,27.585,28.841,28.44625,0.29765398675867455
374,16.764,16.636,17.895,17.63,17.23125,0.3125447634606388
375,27.265,27.483,28.339,28.386,27.86825,0.2889634852941338
376,11.644,12.066,12.928,12.671,12.327250000000001,0.2907098711201026
377,10.192,10.386,10.233,11.026,10.45925,0.19347324319743361
378,5.599,5.513,5.947,5.884,5.73575,0.10603566616945456
379,5.14,5.224,5.533,5.794,5.422750000000001,0.14984179156697236
380,14.493,13.999,14.498,14.6,14.3975,0.13510150504959823
381,9.345,8.365,22.134,8.857,12.17525,3.3256052675916505
382,23.139,22.442,5.558,22.874,18.50325,4.317473052897956
383,6.318,5.479,2.875,6.036,5.177,0.7868804441167243
384,2.776,2.836,26.905,2.787,8.826,6.026347442688648
385,25.219,26.619,20.288,26.201,24.58175,1.461013767617084
386,20.044,20.182,2.804,19.944,15.743500000000001,4.313442582980173
387,2.615,2.618,20.382,2.562,7.044250000000001,4.4459352667164795
388,20.746,19.581,52.853,19.684,28.216,8.216552997861491
389,51.765,52.218,44.362,51.601,49.9865,1.8793674689462232
390,46.15,44.13,23.945,43.977,39.5505,5.225344908871247
391,22.162,23.324,31.841,23.198,25.13125,2.251680830513064
392,27.35,31.396,25.45,25.751,27.48675,1.3681530966355095
393,24.683,25.623,2.797,24.994,19.52425,5.579176393444347
394,2.95,2.775,12.704,2.735,5.291,2.471440908997556
395,13.068,12.716,20.606,12.498,14.722,1.9648448624085657
396,19.637,18.812,36.051,19.433,23.483249999999998,4.192921423363429
397,35.965,30.223,25.84,35.155,31.79575,2.356050840389486
398,24.828,24.89,19.679,25.831,23.807000000000002,1.3949997013141857
399,20.056,19.209,19.625,19.772,19.6655,0.1765089704991413
400,19.53,19.002,7.157,20.144,16.45825,3.109184201013721
401,7.005,7.252,2.624,7.225,6.0265,1.1355146043387845
402,2.55,2.351,7.103,2.606,3.6525,1.151467216207218
403,6.991,6.845,18.307,7.211,9.8385,2.8238352613658844
404,18.353,19.167,2.968,18.658,14.7865,3.9430757558873593
405,3.01,3.028,7.213,2.87,4.0302500000000006,1.0615041509574987
406,7.401,7.076,26.013,7.362,11.963000000000001,4.683893626033794
407,26.514,25.263,19.0,27.265,24.5105,1.8826654199122408
408,18.912,18.445,2.758,19.583,14.9245,4.062218410753743
409,2.609,2.802,18.565,2.778,6.6884999999999994,3.9590662303965907
410,20.685,20.391,46.322,18.431,26.45725,6.640452047551683
411,45.715,46.474,27.711,43.558,40.8645,4.427784858142952
412,26.391,26.304,13.091,26.837,23.155749999999998,3.3569469605332363
413,13.059,13.03,6.856,13.174,11.52975,1.5582268969890103
414,7.326,6.937,19.269,7.219,10.18775,3.0281948246163637
415,19.492,18.905,2.701,19.142,15.060000000000002,4.1214303140212545
416,2.804,2.8,21.21,2.575,7.34725,4.621226485378819
417,21.552,21.667,6.852,21.467,17.8845,3.6777282956557116
418,6.317,6.503,25.151,6.864,11.20875,4.648803508699846
419,25.544,24.701,12.267,26.03,22.1355,3.3009352841278186
420,12.305,11.714,44.689,11.71,20.1045,8.1960252612674
421,40.638,39.678,44.395,40.782,41.37325,1.036621706554519
422,44.855,45.51,19.432,43.726,38.38075,6.326985477236902
423,19.643,18.725,25.072,19.329,20.69225,1.4722901307713319
424,24.902,27.079,19.772,26.686,24.60975,1.6807053268890817
425,19.346,19.441,2.656,19.789,15.308,4.218408052808547
426,2.764,2.936,48.262,2.939,14.22525,11.345657049983194
427,48.795,47.663,44.667,47.167,47.073,0.8713522058654963
428,45.387,44.401,24.123,45.313,39.806000000000004,5.232471723127927
429,24.229,23.708,12.588,23.574,21.02475,2.815795842948609
430,12.393,12.023,7.091,12.478,10.99625,1.3054911831056795
431,7.373,6.828,13.997,6.563,8.69025,1.7769334716021306
432,14.085,13.778,6.866,10.567,11.324,1.6855278599497154
433,7.084,7.266,19.031,5.74,9.78025,3.102300393122282
434,19.181,17.63,20.951,17.441,18.80075,0.8158707388428639
435,19.428,20.489,2.866,19.128,15.47775,4.21404066534326
436,2.896,2.86,12.575,2.857,5.297,2.426016178841353
437,12.03,12.01,2.562,12.376,9.7445,2.395640119745312
438,2.756,2.492,19.702,2.721,6.917750000000001,4.2618187114384245
439,20.318,19.599,7.051,19.777,16.68625,3.2153861710790927
440,7.657,7.487,24.851,7.482,11.86925,4.327441129485954
441,25.174,25.039,2.685,24.466,19.341,5.554120497432514
442,2.716,2.769,52.577,2.64,15.1755,12.46719476934032
443,52.356,53.533,20.578,52.741,44.80200000000001,8.078382542316254
444,20.777,20.37,19.455,20.561,20.290750000000003,0.2907221970083015
445,20.217,19.989,7.394,19.55,16.7875,3.1342240001846284
446,7.362,7.349,52.177,7.553,18.61025,11.189013818436667
447,53.2,49.819,30.275,53.236,46.6325,5.511048425662762
448,29.804,26.547,24.173,30.369,27.72325,1.4525079675627717
449,23.664,20.486,21.178,23.027,22.08875,0.7505552805534492
450,20.474,19.909,39.1,21.742,25.306250000000002,4.613859237395523
451,39.401,34.688,42.606,34.907,37.900499999999994,1.9077567323954074
452,42.762,37.067,23.777,40.085,35.92275,4.212364901394465
453,24.362,20.66,7.038,22.855,18.72875,3.9703359088579226
454,6.899,7.598,30.786,6.825,13.027000000000001,5.922227269645546
455,30.959,30.321,12.446,29.908,25.9085,4.492703464136785
456,11.665,12.587,7.08,12.172,10.876000000000001,1.2792990919510052
457,7.184,6.965,20.008,7.095,10.312999999999999,3.2319794502234487
458,20.794,20.305,20.069,20.709,20.469250000000002,0.17081197020896033
459,20.113,18.884,52.807,19.339,27.78575,8.344273399314048
460,52.215,51.638,12.808,50.912,41.89325,9.698746889633044
461,12.461,12.721,2.87,12.735,10.196750000000002,2.4430623670235407
462,2.748,2.666,28.664,2.797,9.21875,6.481806324564679
463,28.907,30.145,43.325,30.197,33.1435,3.406901561536524
464,42.824,43.522,19.034,44.831,37.55275,6.1869152703508075
465,18.702,18.492,2.536,18.994,14.681000000000001,4.0496415067674
466,2.181,2.366,2.6,2.365,2.378,0.08583220063977544
467,2.3,2.541,6.902,2.321,3.5159999999999996,1.1299816370189386
468,6.686,6.593,25.361,7.057,11.42425,4.6466642403448954
469,24.239,24.443,6.898,24.627,20.05175,4.385299217746341
470,7.141,7.069,40.519,6.887,15.404,8.371837253554324
471,41.791,39.908,25.534,44.635,37.967,4.256682687257766
472,26.124,25.896,21.66,26.658,25.0845,1.152612792745248
473,22.491,23.818,19.98,23.184,22.36825,0.840933447128844
474,20.874,18.702,31.281,20.169,22.7565,2.8772821811563767
475,31.853,28.363,52.626,32.399,36.310249999999996,5.511559328281486
476,52.513,52.792,26.53,52.426,46.065250000000006,6.512217868169031
477,27.065,26.533,26.704,27.48,26.9455,0.20985093916079245
478,24.763,26.191,20.608,26.535,24.52425,1.360612201363783
479,20.551,21.126,11.658,21.199,18.6335,2.3296772487478465
480,11.691,12.161,2.574,12.085,9.62775,2.3535048819083992
481,2.453,2.458,19.578,2.699,6.796999999999999,4.260720029134355
482,18.939,19.835,20.136,19.473,19.59575,0.257471479003015
483,19.715,19.62,25.999,20.177,21.37775,1.545212357304544
484,24.783,25.315,7.232,24.281,20.402749999999997,4.395322027925447
485,7.257,7.25,22.747,6.851,11.02625,3.9080686059953793
486,23.152,23.422,6.886,22.37,18.9575,4.03001094911664
487,7.117,7.047,52.408,7.111,18.42075,11.329094406107666
488,50.974,51.008,30.793,49.853,45.657000000000004,4.961926725913366
489,30.708,29.664,12.424,28.424,25.305,4.318966041388456
490,12.911,12.894,20.736,12.08,14.655249999999999,2.036169662831006
491,20.309,20.449,26.89,20.844,22.122999999999998,1.59303175318845
492,25.481,26.55,19.367,25.947,24.336250000000003,1.6708057624491641
493,19.171,19.788,2.649,19.242,15.212500000000002,4.190100684947797
494,2.812,2.828,28.058,2.769,9.11675,6.313762287983819
495,30.54,30.236,24.838,30.132,28.936500000000002,1.368905736954399
496,23.97,23.776,19.289,22.1,22.283749999999998,1.0829181544173436
497,19.555,20.093,35.883,19.965,23.874000000000002,4.004644012476849
498,35.714,36.112,19.994,35.574,31.848499999999998,3.9531426633333973
499,19.669,20.375,30.196,19.466,22.426499999999997,2.5971482597905986
500,29.923,29.176,18.775,28.858,26.683,2.6454321953132727
501,18.603,17.611,29.009,17.56,20.69575,2.7814615275366776
502,28.243,27.898,12.803,27.083,24.00675,3.7424921370436213
503,12.139,12.084,10.592,12.472,11.82175,0.4187812426156005
504,10.417,10.795,5.446,10.396,9.2635,1.2757976916423701
505,5.501,5.232,4.927,5.192,5.213,0.11745282741027013
506,5.291,5.117,13.874,5.01,7.323,2.1844341372538567
507,14.27,14.403,9.513,14.564,13.1875,1.2263070917732366
508,8.923,9.057,22.715,9.805,12.625,3.3689257437151485
509,22.496,22.75,5.344,23.211,18.450249999999997,4.371255280713615
510,6.006,5.973,2.439,6.155,5.14325,0.9022854661912715
511,2.365,2.505,24.722,2.519,8.027750000000001,5.564858599206872
512,25.626,24.843,18.654,25.286,23.60225,1.6571867916743728
513,18.986,19.288,2.626,19.1,15.0,4.12513652299331
514,2.489,2.64,19.139,2.502,6.6925,4.148973979592223
515,19.051,19.592,45.327,19.719,25.92225,6.469871036517394
516,46.393,47.568,39.764,46.167,44.973,1.7632768264417995
517,39.177,40.197,22.328,39.687,35.34725,4.344741656589031
518,20.98,22.4,30.073,21.84,23.82325,2.1036152759396542
519,26.412,29.487,24.123,26.627,26.66225,1.098896065376521
520,23.786,24.235,2.644,23.02,18.42125,5.265060546897823
521,2.733,2.851,12.4,2.662,5.1615,2.4131480994750407
522,12.22,12.123,19.181,11.983,13.876750000000001,1.7687523085968446
523,18.905,18.873,32.225,19.328,22.332750000000004,3.2990462352777055
524,33.242,30.574,25.251,30.612,29.91975,1.676847855103934
525,24.099,24.175,18.373,23.835,22.6205,1.4177064517499145
526,18.909,19.103,17.669,18.724,18.60125,0.32023698906695125
527,19.796,19.045,6.976,19.407,16.306,3.1137774754575296
528,7.068,7.062,2.481,6.886,5.874249999999999,1.131870603249329
529,2.406,2.35,6.609,2.415,3.4450000000000003,1.0547646656956233
530,6.442,6.275,18.461,6.892,9.5175,2.9840122458417175
531,19.021,17.745,2.51,18.056,14.333000000000002,3.9503496258770148
532,2.602,2.623,6.903,2.645,3.69325,1.0699526761341673
533,6.884,6.655,25.793,6.685,11.50425,4.763187682197011
534,24.518,24.652,17.776,25.338,23.070999999999998,1.7741120783836255
535,18.228,18.42,2.554,18.734,14.484000000000002,3.9780337689198504
536,2.591,2.698,18.701,2.746,6.684,4.005797652569751
537,18.601,19.226,41.006,18.771,24.401,5.536571968887126
538,40.117,41.541,25.283,40.362,36.82575,3.8601171263533782
539,24.891,24.101,12.096,25.05,21.534499999999998,3.153001704725197
540,12.24,12.005,6.382,12.366,10.74825,1.4573375481221456
541,6.403,6.506,18.72,6.775,9.600999999999999,3.040677912352222
542,18.341,18.554,2.564,19.024,14.62075,4.021448192193952
543,2.551,2.652,20.22,2.554,6.994249999999999,4.408645755312319
544,20.619,21.065,6.813,19.836,17.08325,3.4328259586672902
545,6.484,6.784,24.758,6.406,11.107999999999999,4.550729392086503
546,24.13,25.09,11.861,22.869,20.9875,3.0759667450521415
547,11.125,11.452,43.258,11.734,19.39225,7.956222977173278
548,41.829,42.246,41.916,41.19,41.795249999999996,0.2208360534423678
549,41.171,41.659,18.475,40.709,35.5035,5.679478988721882
550,18.414,18.913,25.322,18.54,20.29725,1.6782634564235335
551,25.755,24.962,19.272,26.052,24.01025,1.5960820976691645
552,19.899,18.434,2.522,19.802,15.16425,4.2273349834736305
553,2.461,2.705,44.898,2.562,13.156500000000001,10.580618385362298
554,43.645,43.961,40.235,44.346,43.046749999999996,0.9481448882774542
555,41.037,40.721,21.167,41.471,36.099,4.979706617864148
556,22.412,21.731,11.781,21.761,19.42125,2.551590692587665
557,12.41,11.97,6.376,11.944,10.675,1.4369821386039099
558,6.485,6.562,12.618,6.605,8.067499999999999,1.5170363926638895
559,13.426,12.6,6.378,12.334,11.1845,1.6189439716473617
560,6.739,6.905,17.398,6.267,9.327250000000001,2.693641722495155
561,18.236,18.608,19.039,17.536,18.354750000000003,0.318431932810347
562,19.441,17.761,2.657,18.417,14.568999999999999,3.98568371382711
563,2.733,2.572,11.67,2.614,4.8972500000000005,2.2578407596270673
564,11.607,10.627,2.572,11.012,8.9545,2.137027238166764
565,2.507,2.682,19.319,2.694,6.8004999999999995,4.173052130435628
566,19.449,18.542,6.643,18.984,15.9045,3.092714409166593
567,7.025,6.719,24.987,6.537,11.316999999999998,4.55777877187269
568,23.842,24.216,2.75,25.014,18.9555,5.407359144412979
569,2.63,2.603,47.119,2.556,13.727,11.130677165683437
570,47.454,47.614,20.082,46.528,40.4195,6.783390861754417
571,20.064,19.249,19.805,19.29,19.602,0.19929166231096268
572,19.692,19.074,6.859,19.178,16.200750000000003,3.1168453970588064
573,6.85,6.878,46.575,7.131,16.8585,9.90570156105395
574,48.458,47.631,28.98,48.645,43.4285,4.8212023137387625
575,27.941,29.18,22.034,28.652,26.95175,1.6587854178585006
576,21.837,22.831,20.459,22.21,21.834249999999997,0.5021635482257416
577,20.84,19.949,36.003,20.235,24.25675,3.9198187963008357
578,34.756,34.712,40.311,37.158,36.73425,1.322109197141698
579,40.587,39.024,22.283,40.803,35.67425,4.481309246470277
580,23.222,22.287,6.91,21.971,18.5975,3.9048748272725295
581,7.071,6.671,28.32,6.589,12.162749999999999,5.386778975340149
582,28.737,28.201,11.404,27.598,23.985,4.20011398654846
583,11.792,12.597,6.971,11.203,10.64075,1.25616747655982
584,6.64,6.677,20.135,6.729,10.04525,3.3632995300993738
585,19.339,19.705,18.879,19.929,19.463,0.22951978854411018
586,18.749,18.519,46.365,18.257,25.472500000000004,6.964891785471856
587,46.563,47.568,12.034,46.76,38.23125,8.735122794166472
588,12.707,12.244,2.583,12.343,9.969249999999999,2.4640945049179153
589,2.669,2.71,28.434,2.597,9.102500000000001,6.443875651862524
590,29.279,27.957,39.425,28.169,31.2075,2.7544607911531425
591,40.563,39.746,17.775,40.576,34.665,5.633345557185949
592,18.572,17.761,2.121,17.965,14.10475,3.998294227438329
593,2.367,2.449,2.386,2.554,2.439,0.04214854683141514
594,2.425,2.309,6.036,2.39,3.29,0.9156555939143639
595,6.472,5.98,23.393,6.023,10.466999999999999,4.310102531649721
596,24.671,22.89,6.471,24.156,19.546999999999997,4.3746969609334085
597,6.839,6.778,42.667,6.783,15.766750000000002,8.966760659745898
598,43.343,41.461,24.923,44.347,38.5185,4.571133511869166
599,25.101,24.368,23.14,24.154,24.190749999999998,0.4047014074186874
600,22.342,21.621,19.639,22.113,21.428749999999997,0.6152498645536895
601,19.302,18.559,29.947,19.348,21.789,2.7253365847175646
602,30.983,28.141,46.419,29.67,33.80325,4.24515202662598
603,47.787,48.646,25.403,47.438,42.3185,5.644209193205605
604,25.523,25.926,24.072,25.389,25.2275,0.4017135173229797
605,25.182,25.318,19.782,25.121,23.850749999999998,1.3568748023184256
606,19.766,19.936,11.239,19.553,17.6235,2.1296081994895992
607,12.411,11.918,2.157,11.836,9.5805,2.477755519954837
608,2.978,2.39,18.669,2.478,6.62875,4.015504563044765
609,18.319,17.95,18.918,18.962,18.53725,0.2445878761645121
610,19.348,18.738,25.233,19.029,20.587,1.5536677572763107
611,23.369,26.166,6.578,24.347,20.115000000000002,4.549389244722856
612,6.751,6.91,22.283,7.154,10.7745,3.8370616470592878
613,21.837,22.061,6.596,22.248,18.1855,3.8640799788996776
614,6.755,6.817,45.511,6.946,16.50725,9.667998503439065
615,46.872,46.708,28.747,46.344,42.16775,4.474943507557758
616,28.478,29.164,11.918,29.822,24.8455,4.3178921072671566
617,12.271,12.118,19.226,12.31,13.981250000000001,1.7487408505836417
618,19.575,19.007,25.33,20.213,21.03125,1.4539325050244474
619,24.674,25.272,19.279,24.508,23.433249999999997,1.3944336589334991
620,18.596,18.763,2.626,18.742,14.681750000000001,4.018754914460448
621,2.499,2.645,27.811,2.655,8.9025,6.302934151382725
622,27.863,28.093,22.836,27.569,26.59025,1.2560020816729036
623,20.35,22.135,18.894,19.315,20.1735,0.7218481488512669
624,18.436,18.293,32.681,18.586,21.999,3.5611690262234577
625,31.873,32.59,18.854,32.655,28.993000000000002,3.384306600570739
626,18.81,18.291,28.364,18.347,20.953000000000003,2.4730691121222903
627,27.215,29.357,16.938,28.326,25.459000000000003,2.873805114014055
628,18.214,17.297,26.532,17.428,19.867749999999997,2.2306249638087228
629,27.172,27.14,11.8,26.852,23.241,3.814345334829207
630,12.064,12.336,9.737,11.304,11.36025,0.5834849862392919
631,10.261,10.451,5.309,10.072,9.02325,1.240498043462114
632,5.358,5.798,5.07,5.759,5.49625,0.17341971004857937
633,5.216,5.301,14.004,5.114,7.40875,2.1987489387907235
634,15.089,14.177,,14.764,,66.8448229020954
